{
	"skins": {
		"eui.Button": "resource/eui_skins/ButtonSkin.exml",
		"eui.CheckBox": "resource/eui_skins/CheckBoxSkin.exml",
		"eui.HScrollBar": "resource/eui_skins/HScrollBarSkin.exml",
		"eui.HSlider": "resource/eui_skins/HSliderSkin.exml",
		"eui.Panel": "resource/eui_skins/PanelSkin.exml",
		"eui.TextInput": "resource/eui_skins/TextInputSkin.exml",
		"eui.ProgressBar": "resource/eui_skins/ProgressBarSkin.exml",
		"eui.RadioButton": "resource/eui_skins/RadioButtonSkin.exml",
		"eui.Scroller": "resource/eui_skins/ScrollerSkin.exml",
		"eui.ToggleSwitch": "resource/eui_skins/ToggleSwitchSkin.exml",
		"eui.VScrollBar": "resource/eui_skins/VScrollBarSkin.exml",
		"eui.VSlider": "resource/eui_skins/VSliderSkin.exml",
		"eui.ItemRenderer": "resource/eui_skins/ItemRendererSkin.exml"
	},
	"autoGenerateExmlsList": true,
	"exmls": [
		"resource/eui_skins/btn/Btn1Skin.exml",
		"resource/eui_skins/btn/Btn2Skin.exml",
		"resource/eui_skins/btn/BtnTab0Skin.exml",
		"resource/eui_skins/ButtonSkin.exml",
		"resource/eui_skins/checkbox/CheckBox0.exml",
		"resource/eui_skins/checkbox/CheckBox1.exml",
		"resource/eui_skins/CheckBoxSkin.exml",
		"resource/eui_skins/HScrollBarSkin.exml",
		"resource/eui_skins/HSliderSkin.exml",
		"resource/eui_skins/ItemRendererSkin.exml",
		"resource/eui_skins/progressBar/bar0Skin.exml",
		"resource/eui_skins/ProgressBarSkin.exml",
		"resource/eui_skins/RadioButtonSkin.exml",
		"resource/eui_skins/ScrollerSkin.exml",
		"resource/eui_skins/TextInputSkin.exml",
		"resource/eui_skins/ToggleSwitchSkin.exml",
		"resource/eui_skins/VScrollBarSkin.exml",
		"resource/eui_skins/VSliderSkin.exml",
		"resource/skins/com/BaseBtn2Skin.exml",
		"resource/skins/com/BaseBtnSkin.exml",
		"resource/skins/com/ComBtnSkin.exml",
		"resource/skins/com/TipItemSkin.exml",
		"resource/skins/com/WindMCSkin.exml",
		"resource/skins/doll/DollSkin.exml",
		"resource/skins/dress/DressSkin.exml",
		"resource/skins/hieroglyph/HieroglyphSkin.exml",
		"resource/skins/home/HomeSkin.exml",
		"resource/skins/home/NavigationSkin.exml",
		"resource/skins/loading/LoadingUISkin.exml",
		"resource/skins/mask/MaskSkin.exml",
		"resource/skins/quilt/QuiltItemSkin.exml",
		"resource/skins/quilt/QuiltSkin.exml"
	],
	"path": "resource/default.thm.json"
}