{"frames":{"doll0_bot_00":{"frame":{"x":242,"y":817,"w":132,"h":116},"rotated":false,"trimmed":true,"spriteSourceSize":{"x":31,"y":245,"w":132,"h":116},"sourceSize":{"w":194,"h":362}},"doll0_bot_01":{"frame":{"x":234,"y":1106,"w":180,"h":121},"rotated":true,"trimmed":true,"spriteSourceSize":{"x":4,"y":229,"w":180,"h":121},"sourceSize":{"w":194,"h":362}},"doll0_bot_02":{"frame":{"x":222,"y":1411,"w":194,"h":59},"rotated":true,"trimmed":true,"spriteSourceSize":{"x":0,"y":225,"w":194,"h":59},"sourceSize":{"w":194,"h":362}},"doll0_bot_03":{"frame":{"x":326,"y":1292,"w":28,"h":26},"rotated":false,"trimmed":true,"spriteSourceSize":{"x":80,"y":254,"w":28,"h":26},"sourceSize":{"w":194,"h":362}},"doll0_bot_04":{"frame":{"x":222,"y":1368,"w":82,"h":37},"rotated":false,"trimmed":true,"spriteSourceSize":{"x":53,"y":268,"w":82,"h":37},"sourceSize":{"w":194,"h":362}},"doll0_bot_05":{"frame":{"x":491,"y":583,"w":3,"h":3},"rotated":false,"trimmed":true,"spriteSourceSize":{"x":0,"y":0,"w":3,"h":3},"sourceSize":{"w":194,"h":362}},"doll0_bot_06":{"frame":{"x":398,"y":660,"w":84,"h":74},"rotated":false,"trimmed":true,"spriteSourceSize":{"x":53,"y":254,"w":84,"h":74},"sourceSize":{"w":194,"h":362}},"doll0_bot_07":{"frame":{"x":380,"y":903,"w":188,"h":100},"rotated":true,"trimmed":true,"spriteSourceSize":{"x":3,"y":234,"w":188,"h":100},"sourceSize":{"w":194,"h":362}},"doll0_bot_08":{"frame":{"x":491,"y":583,"w":3,"h":3},"rotated":false,"trimmed":true,"spriteSourceSize":{"x":0,"y":0,"w":3,"h":3},"sourceSize":{"w":194,"h":362}},"doll0_bot_09":{"frame":{"x":239,"y":939,"w":82,"h":124},"rotated":true,"trimmed":true,"spriteSourceSize":{"x":53,"y":237,"w":82,"h":124},"sourceSize":{"w":194,"h":362}},"doll0_bot_10":{"frame":{"x":491,"y":583,"w":3,"h":3},"rotated":false,"trimmed":true,"spriteSourceSize":{"x":0,"y":0,"w":3,"h":3},"sourceSize":{"w":194,"h":362}},"doll0_bot_11":{"frame":{"x":491,"y":583,"w":3,"h":3},"rotated":false,"trimmed":true,"spriteSourceSize":{"x":0,"y":0,"w":3,"h":3},"sourceSize":{"w":194,"h":362}},"doll0_bot_inside":{"frame":{"x":4,"y":677,"w":387,"h":62},"rotated":false,"trimmed":true,"spriteSourceSize":{"x":0,"y":420,"w":387,"h":62},"sourceSize":{"w":388,"h":723}},"doll0_bot_outline":{"frame":{"x":4,"y":398,"w":388,"h":273},"rotated":false,"trimmed":false,"spriteSourceSize":{"x":0,"y":450,"w":388,"h":273},"sourceSize":{"w":388,"h":723}},"doll0_bot_small0":{"frame":{"x":222,"y":1292,"w":98,"h":70},"rotated":false,"trimmed":true,"spriteSourceSize":{"x":0,"y":112,"w":98,"h":70},"sourceSize":{"w":98,"h":182}},"doll0_bot_small1":{"frame":{"x":398,"y":515,"w":88,"h":62},"rotated":false,"trimmed":true,"spriteSourceSize":{"x":0,"y":101,"w":88,"h":62},"sourceSize":{"w":88,"h":163}},"doll0_bot_small2":{"frame":{"x":400,"y":1483,"w":77,"h":55},"rotated":false,"trimmed":true,"spriteSourceSize":{"x":0,"y":87,"w":77,"h":55},"sourceSize":{"w":77,"h":142}},"doll0_bot_small3":{"frame":{"x":400,"y":1544,"w":64,"h":46},"rotated":false,"trimmed":true,"spriteSourceSize":{"x":0,"y":72,"w":64,"h":46},"sourceSize":{"w":64,"h":118}},"doll0_top_00":{"frame":{"x":361,"y":1201,"w":121,"h":99},"rotated":false,"trimmed":true,"spriteSourceSize":{"x":37,"y":48,"w":121,"h":99},"sourceSize":{"w":194,"h":362}},"doll0_top_01":{"frame":{"x":4,"y":905,"w":178,"h":229},"rotated":true,"trimmed":true,"spriteSourceSize":{"x":4,"y":11,"w":178,"h":229},"sourceSize":{"w":194,"h":362}},"doll0_top_02":{"frame":{"x":4,"y":1089,"w":193,"h":224},"rotated":true,"trimmed":true,"spriteSourceSize":{"x":1,"y":18,"w":193,"h":224},"sourceSize":{"w":194,"h":362}},"doll0_top_03":{"frame":{"x":4,"y":1288,"w":162,"h":212},"rotated":true,"trimmed":true,"spriteSourceSize":{"x":15,"y":0,"w":162,"h":212},"sourceSize":{"w":194,"h":362}},"doll0_top_04":{"frame":{"x":357,"y":1483,"w":80,"h":37},"rotated":true,"trimmed":true,"spriteSourceSize":{"x":72,"y":162,"w":80,"h":37},"sourceSize":{"w":194,"h":362}},"doll0_top_05":{"frame":{"x":239,"y":1027,"w":124,"h":73},"rotated":false,"trimmed":true,"spriteSourceSize":{"x":38,"y":134,"w":124,"h":73},"sourceSize":{"w":194,"h":362}},"doll0_top_06":{"frame":{"x":326,"y":1324,"w":153,"h":166},"rotated":true,"trimmed":true,"spriteSourceSize":{"x":18,"y":3,"w":153,"h":166},"sourceSize":{"w":194,"h":362}},"doll0_top_07":{"frame":{"x":4,"y":745,"w":154,"h":232},"rotated":true,"trimmed":true,"spriteSourceSize":{"x":15,"y":7,"w":154,"h":232},"sourceSize":{"w":194,"h":362}},"doll0_top_08":{"frame":{"x":4,"y":1456,"w":150,"h":170},"rotated":true,"trimmed":true,"spriteSourceSize":{"x":22,"y":10,"w":150,"h":170},"sourceSize":{"w":194,"h":362}},"doll0_top_09":{"frame":{"x":380,"y":823,"w":74,"h":112},"rotated":true,"trimmed":true,"spriteSourceSize":{"x":61,"y":129,"w":74,"h":112},"sourceSize":{"w":194,"h":362}},"doll0_top_10":{"frame":{"x":242,"y":745,"w":149,"h":66},"rotated":false,"trimmed":true,"spriteSourceSize":{"x":23,"y":137,"w":149,"h":66},"sourceSize":{"w":194,"h":362}},"doll0_top_11":{"frame":{"x":398,"y":583,"w":71,"h":87},"rotated":true,"trimmed":true,"spriteSourceSize":{"x":62,"y":54,"w":71,"h":87},"sourceSize":{"w":194,"h":362}},"doll0_top_outline":{"frame":{"x":4,"y":4,"w":388,"h":484},"rotated":true,"trimmed":false,"spriteSourceSize":{"x":0,"y":0,"w":388,"h":484},"sourceSize":{"w":388,"h":723}},"doll0_top_small0":{"frame":{"x":369,"y":1097,"w":98,"h":123},"rotated":true,"trimmed":true,"spriteSourceSize":{"x":0,"y":0,"w":98,"h":123},"sourceSize":{"w":98,"h":182}},"doll0_top_small1":{"frame":{"x":398,"y":398,"w":88,"h":111},"rotated":false,"trimmed":false,"spriteSourceSize":{"x":0,"y":0,"w":88,"h":111},"sourceSize":{"w":88,"h":163}},"doll0_top_small2":{"frame":{"x":397,"y":740,"w":77,"h":97},"rotated":true,"trimmed":true,"spriteSourceSize":{"x":0,"y":0,"w":77,"h":97},"sourceSize":{"w":77,"h":142}},"doll0_top_small3":{"frame":{"x":287,"y":1483,"w":64,"h":81},"rotated":false,"trimmed":true,"spriteSourceSize":{"x":0,"y":0,"w":64,"h":81},"sourceSize":{"w":64,"h":118}}},"animations":{"doll0_bot":["doll0_bot_00","doll0_bot_01","doll0_bot_02","doll0_bot_03","doll0_bot_04","doll0_bot_05","doll0_bot_06","doll0_bot_07","doll0_bot_08","doll0_bot_09","doll0_bot_10","doll0_bot_11"],"doll0_bot_small":["doll0_bot_small0","doll0_bot_small1","doll0_bot_small2","doll0_bot_small3"],"doll0_top":["doll0_top_00","doll0_top_01","doll0_top_02","doll0_top_03","doll0_top_04","doll0_top_05","doll0_top_06","doll0_top_07","doll0_top_08","doll0_top_09","doll0_top_10","doll0_top_11"],"doll0_top_small":["doll0_top_small0","doll0_top_small1","doll0_top_small2","doll0_top_small3"]},"meta":{"app":"https://www.codeandweb.com/texturepacker","version":"1.0","image":"doll-00@1x.png","format":"RGBA8888","size":{"w":498,"h":1610},"scale":"0.5","smartupdate":"$TexturePacker:SmartUpdate:c4c0ac75e81f914c2c2aab22fa2817d4:2f15828a3fb628ef438c020a53a8a368:19ceebcae637f08d2bf78952052e3c9a$"}}