{"frames":{"doll1_bot_00":{"frame":{"x":977,"y":258,"w":3,"h":3},"rotated":false,"trimmed":true,"spriteSourceSize":{"x":0,"y":0,"w":3,"h":3},"sourceSize":{"w":197,"h":369}},"doll1_bot_01":{"frame":{"x":802,"y":258,"w":32,"h":35},"rotated":false,"trimmed":true,"spriteSourceSize":{"x":28,"y":248,"w":32,"h":35},"sourceSize":{"w":197,"h":369}},"doll1_bot_02":{"frame":{"x":1412,"y":374,"w":81,"h":67},"rotated":false,"trimmed":true,"spriteSourceSize":{"x":72,"y":243,"w":81,"h":67},"sourceSize":{"w":197,"h":369}},"doll1_bot_03":{"frame":{"x":977,"y":271,"w":140,"h":110},"rotated":false,"trimmed":true,"spriteSourceSize":{"x":9,"y":238,"w":140,"h":110},"sourceSize":{"w":197,"h":369}},"doll1_bot_04":{"frame":{"x":977,"y":387,"w":124,"h":104},"rotated":false,"trimmed":true,"spriteSourceSize":{"x":19,"y":242,"w":124,"h":104},"sourceSize":{"w":197,"h":369}},"doll1_bot_05":{"frame":{"x":1397,"y":4,"w":197,"h":135},"rotated":true,"trimmed":true,"spriteSourceSize":{"x":0,"y":234,"w":197,"h":135},"sourceSize":{"w":197,"h":369}},"doll1_bot_06":{"frame":{"x":1123,"y":271,"w":129,"h":81},"rotated":true,"trimmed":true,"spriteSourceSize":{"x":50,"y":244,"w":129,"h":81},"sourceSize":{"w":197,"h":369}},"doll1_bot_07":{"frame":{"x":1313,"y":263,"w":124,"h":64},"rotated":true,"trimmed":true,"spriteSourceSize":{"x":41,"y":243,"w":124,"h":64},"sourceSize":{"w":197,"h":369}},"doll1_bot_08":{"frame":{"x":1354,"y":207,"w":141,"h":38},"rotated":false,"trimmed":true,"spriteSourceSize":{"x":37,"y":241,"w":141,"h":38},"sourceSize":{"w":197,"h":369}},"doll1_bot_09":{"frame":{"x":649,"y":340,"w":195,"h":128},"rotated":false,"trimmed":true,"spriteSourceSize":{"x":1,"y":233,"w":195,"h":128},"sourceSize":{"w":197,"h":369}},"doll1_bot_inside":{"frame":{"x":403,"y":280,"w":393,"h":54},"rotated":false,"trimmed":true,"spriteSourceSize":{"x":0,"y":439,"w":393,"h":54},"sourceSize":{"w":393,"h":737}},"doll1_bot_outline":{"frame":{"x":403,"y":4,"w":393,"h":270},"rotated":false,"trimmed":false,"spriteSourceSize":{"x":0,"y":467,"w":393,"h":270},"sourceSize":{"w":393,"h":737}},"doll1_bot_small0":{"frame":{"x":1465,"y":300,"w":97,"h":68},"rotated":false,"trimmed":true,"spriteSourceSize":{"x":0,"y":113,"w":97,"h":68},"sourceSize":{"w":97,"h":181}},"doll1_bot_small1":{"frame":{"x":1501,"y":207,"w":87,"h":61},"rotated":true,"trimmed":true,"spriteSourceSize":{"x":0,"y":102,"w":87,"h":61},"sourceSize":{"w":87,"h":163}},"doll1_bot_small2":{"frame":{"x":1412,"y":447,"w":76,"h":53},"rotated":false,"trimmed":true,"spriteSourceSize":{"x":0,"y":88,"w":76,"h":53},"sourceSize":{"w":76,"h":141}},"doll1_bot_small3":{"frame":{"x":1494,"y":461,"w":63,"h":44},"rotated":false,"trimmed":true,"spriteSourceSize":{"x":0,"y":73,"w":63,"h":44},"sourceSize":{"w":63,"h":117}},"doll1_top_00":{"frame":{"x":1107,"y":406,"w":122,"h":88},"rotated":false,"trimmed":true,"spriteSourceSize":{"x":35,"y":32,"w":122,"h":88},"sourceSize":{"w":197,"h":369}},"doll1_top_01":{"frame":{"x":649,"y":474,"w":88,"h":27},"rotated":false,"trimmed":true,"spriteSourceSize":{"x":53,"y":81,"w":88,"h":27},"sourceSize":{"w":197,"h":369}},"doll1_top_02":{"frame":{"x":850,"y":258,"w":121,"h":229},"rotated":false,"trimmed":true,"spriteSourceSize":{"x":37,"y":20,"w":121,"h":229},"sourceSize":{"w":197,"h":369}},"doll1_top_03":{"frame":{"x":1235,"y":393,"w":113,"h":78},"rotated":true,"trimmed":true,"spriteSourceSize":{"x":10,"y":171,"w":113,"h":78},"sourceSize":{"w":197,"h":369}},"doll1_top_04":{"frame":{"x":1200,"y":179,"w":148,"h":78},"rotated":false,"trimmed":true,"spriteSourceSize":{"x":22,"y":168,"w":148,"h":78},"sourceSize":{"w":197,"h":369}},"doll1_top_05":{"frame":{"x":1003,"y":212,"w":185,"h":53},"rotated":false,"trimmed":true,"spriteSourceSize":{"x":7,"y":143,"w":185,"h":53},"sourceSize":{"w":197,"h":369}},"doll1_top_06":{"frame":{"x":1200,"y":4,"w":191,"h":169},"rotated":false,"trimmed":true,"spriteSourceSize":{"x":4,"y":80,"w":191,"h":169},"sourceSize":{"w":197,"h":369}},"doll1_top_07":{"frame":{"x":1003,"y":4,"w":191,"h":202},"rotated":false,"trimmed":true,"spriteSourceSize":{"x":3,"y":47,"w":191,"h":202},"sourceSize":{"w":197,"h":369}},"doll1_top_08":{"frame":{"x":403,"y":340,"w":153,"h":240},"rotated":true,"trimmed":true,"spriteSourceSize":{"x":26,"y":9,"w":153,"h":240},"sourceSize":{"w":197,"h":369}},"doll1_top_09":{"frame":{"x":802,"y":4,"w":195,"h":248},"rotated":false,"trimmed":true,"spriteSourceSize":{"x":1,"y":1,"w":195,"h":248},"sourceSize":{"w":197,"h":369}},"doll1_top_outline":{"frame":{"x":4,"y":4,"w":393,"h":497},"rotated":false,"trimmed":false,"spriteSourceSize":{"x":0,"y":0,"w":393,"h":497},"sourceSize":{"w":393,"h":737}},"doll1_top_small0":{"frame":{"x":1210,"y":263,"w":97,"h":124},"rotated":false,"trimmed":true,"spriteSourceSize":{"x":0,"y":0,"w":97,"h":124},"sourceSize":{"w":97,"h":181}},"doll1_top_small1":{"frame":{"x":1319,"y":393,"w":87,"h":112},"rotated":false,"trimmed":true,"spriteSourceSize":{"x":0,"y":0,"w":87,"h":112},"sourceSize":{"w":87,"h":163}},"doll1_top_small2":{"frame":{"x":1383,"y":251,"w":76,"h":97},"rotated":false,"trimmed":true,"spriteSourceSize":{"x":0,"y":0,"w":76,"h":97},"sourceSize":{"w":76,"h":141}},"doll1_top_small3":{"frame":{"x":1499,"y":374,"w":63,"h":81},"rotated":false,"trimmed":true,"spriteSourceSize":{"x":0,"y":0,"w":63,"h":81},"sourceSize":{"w":63,"h":117}}},"animations":{"doll1_bot":["doll1_bot_00","doll1_bot_01","doll1_bot_02","doll1_bot_03","doll1_bot_04","doll1_bot_05","doll1_bot_06","doll1_bot_07","doll1_bot_08","doll1_bot_09"],"doll1_bot_small":["doll1_bot_small0","doll1_bot_small1","doll1_bot_small2","doll1_bot_small3"],"doll1_top":["doll1_top_00","doll1_top_01","doll1_top_02","doll1_top_03","doll1_top_04","doll1_top_05","doll1_top_06","doll1_top_07","doll1_top_08","doll1_top_09"],"doll1_top_small":["doll1_top_small0","doll1_top_small1","doll1_top_small2","doll1_top_small3"]},"meta":{"app":"https://www.codeandweb.com/texturepacker","version":"1.0","image":"doll-01@1x.png","format":"RGBA8888","size":{"w":1566,"h":510},"scale":"0.5","smartupdate":"$TexturePacker:SmartUpdate:af3be1093027117f96ea17dcc659fd23:7c62ed86175301e8c4d3ad463ebbf0a5:b5256af522ea82fab364653542029e7f$"}}