{"frames":{"trailer_door_frame0000":{"frame":{"x":199,"y":4,"w":193,"h":346},"rotated":false,"trimmed":true,"spriteSourceSize":{"x":165,"y":18,"w":193,"h":346},"sourceSize":{"w":358,"h":398}},"trailer_door_frame0001":{"frame":{"x":4,"y":380,"w":128,"h":398},"rotated":true,"trimmed":true,"spriteSourceSize":{"x":168,"y":0,"w":128,"h":398},"sourceSize":{"w":358,"h":398}},"trailer_door_frame0002":{"frame":{"x":4,"y":4,"w":189,"h":370},"rotated":false,"trimmed":true,"spriteSourceSize":{"x":0,"y":6,"w":189,"h":370},"sourceSize":{"w":358,"h":398}}},"animations":{"trailer_door_frame":["trailer_door_frame0000","trailer_door_frame0001","trailer_door_frame0002"]},"meta":{"app":"https://www.codeandweb.com/texturepacker","version":"1.0","image":"door-sequence@1x.png","format":"RGBA8888","size":{"w":406,"h":512},"scale":"0.5","smartupdate":"$TexturePacker:SmartUpdate:b12d7825506bbd24734e7bcb7b492d62:8116ab2bc9280d75b4195cf2efffe1ff:ae161383a6b93c0ba03adb6ecdd75198$"}}