{"frames":{"dress1_00":{"frame":{"x":580,"y":804,"w":69,"h":32},"rotated":false,"trimmed":true,"spriteSourceSize":{"x":107,"y":77,"w":69,"h":32},"sourceSize":{"w":277,"h":304}},"dress1_01":{"frame":{"x":287,"y":770,"w":106,"h":159},"rotated":true,"trimmed":true,"spriteSourceSize":{"x":85,"y":0,"w":106,"h":159},"sourceSize":{"w":277,"h":304}},"dress1_02":{"frame":{"x":703,"y":284,"w":271,"h":241},"rotated":true,"trimmed":true,"spriteSourceSize":{"x":2,"y":44,"w":271,"h":241},"sourceSize":{"w":277,"h":304}},"dress1_03":{"frame":{"x":4,"y":770,"w":239,"h":277},"rotated":true,"trimmed":true,"spriteSourceSize":{"x":36,"y":27,"w":239,"h":277},"sourceSize":{"w":277,"h":304}},"dress1_04":{"frame":{"x":703,"y":4,"w":274,"h":273},"rotated":true,"trimmed":true,"spriteSourceSize":{"x":0,"y":22,"w":274,"h":273},"sourceSize":{"w":277,"h":304}},"dress1_05":{"frame":{"x":452,"y":770,"w":122,"h":36},"rotated":false,"trimmed":true,"spriteSourceSize":{"x":76,"y":175,"w":122,"h":36},"sourceSize":{"w":277,"h":304}},"dress1_06":{"frame":{"x":704,"y":561,"w":263,"h":242},"rotated":true,"trimmed":true,"spriteSourceSize":{"x":6,"y":40,"w":263,"h":242},"sourceSize":{"w":277,"h":304}},"dress1_07":{"frame":{"x":580,"y":770,"w":118,"h":28},"rotated":false,"trimmed":true,"spriteSourceSize":{"x":75,"y":179,"w":118,"h":28},"sourceSize":{"w":277,"h":304}},"dress1_outline":{"frame":{"x":4,"y":4,"w":693,"h":760},"rotated":false,"trimmed":false,"spriteSourceSize":{"x":0,"y":0,"w":693,"h":760},"sourceSize":{"w":693,"h":760}}},"animations":{"dress1":["dress1_00","dress1_01","dress1_02","dress1_03","dress1_04","dress1_05","dress1_06","dress1_07"]},"meta":{"app":"https://www.codeandweb.com/texturepacker","version":"1.0","image":"dress-01@1x.png","format":"RGBA8888","size":{"w":980,"h":1013},"scale":"0.5","smartupdate":"$TexturePacker:SmartUpdate:08059a6d37bcf2658f11a757eec27fae:957b3acf35d26778a0bbbc2d7bdd4f16:0c2263a5fa92c1dcaf13ef05b6b1b9f8$"}}