{"frames":{"dress0_00":{"frame":{"x":762,"y":4,"w":301,"h":356},"rotated":false,"trimmed":true,"spriteSourceSize":{"x":7,"y":4,"w":301,"h":356},"sourceSize":{"w":314,"h":376}},"dress0_01":{"frame":{"x":1287,"y":325,"w":282,"h":305},"rotated":false,"trimmed":true,"spriteSourceSize":{"x":15,"y":0,"w":282,"h":305},"sourceSize":{"w":314,"h":376}},"dress0_02":{"frame":{"x":967,"y":366,"w":156,"h":196},"rotated":false,"trimmed":true,"spriteSourceSize":{"x":79,"y":5,"w":156,"h":196},"sourceSize":{"w":314,"h":376}},"dress0_03":{"frame":{"x":1366,"y":4,"w":127,"h":303},"rotated":false,"trimmed":true,"spriteSourceSize":{"x":92,"y":2,"w":127,"h":303},"sourceSize":{"w":314,"h":376}},"dress0_04":{"frame":{"x":762,"y":366,"w":238,"h":199},"rotated":true,"trimmed":true,"spriteSourceSize":{"x":35,"y":6,"w":238,"h":199},"sourceSize":{"w":314,"h":376}},"dress0_05":{"frame":{"x":967,"y":568,"w":314,"h":62},"rotated":false,"trimmed":true,"spriteSourceSize":{"x":0,"y":314,"w":314,"h":62},"sourceSize":{"w":314,"h":376}},"dress0_06":{"frame":{"x":1069,"y":4,"w":291,"h":315},"rotated":false,"trimmed":true,"spriteSourceSize":{"x":11,"y":0,"w":291,"h":315},"sourceSize":{"w":314,"h":376}},"dress0_07":{"frame":{"x":1499,"y":4,"w":296,"h":67},"rotated":true,"trimmed":true,"spriteSourceSize":{"x":9,"y":272,"w":296,"h":67},"sourceSize":{"w":314,"h":376}},"dress0_outline":{"frame":{"x":4,"y":4,"w":627,"h":752},"rotated":true,"trimmed":false,"spriteSourceSize":{"x":0,"y":0,"w":627,"h":752},"sourceSize":{"w":627,"h":752}}},"animations":{"dress0":["dress0_00","dress0_01","dress0_02","dress0_03","dress0_04","dress0_05","dress0_06","dress0_07"]},"meta":{"app":"https://www.codeandweb.com/texturepacker","version":"1.0","image":"dress-00@1x.png","format":"RGBA8888","size":{"w":1573,"h":635},"scale":"0.5","smartupdate":"$TexturePacker:SmartUpdate:5c95363e4378fec48b454561d8518081:08e24da5b47d29bd9821e413eedac28f:f8ec87663e07996688ba00a8d48b63fa$"}}