{"frames":{"mask01_00":{"frame":{"x":880,"y":492,"w":129,"h":131},"rotated":true,"trimmed":true,"spriteSourceSize":{"x":33,"y":41,"w":129,"h":131},"sourceSize":{"w":193,"h":177}},"mask01_01":{"frame":{"x":947,"y":282,"w":73,"h":59},"rotated":true,"trimmed":true,"spriteSourceSize":{"x":61,"y":81,"w":73,"h":59},"sourceSize":{"w":193,"h":177}},"mask01_02":{"frame":{"x":926,"y":627,"w":81,"h":52},"rotated":false,"trimmed":true,"spriteSourceSize":{"x":58,"y":77,"w":81,"h":52},"sourceSize":{"w":193,"h":177}},"mask01_03":{"frame":{"x":781,"y":158,"w":160,"h":148},"rotated":false,"trimmed":true,"spriteSourceSize":{"x":17,"y":23,"w":160,"h":148},"sourceSize":{"w":193,"h":177}},"mask01_04":{"frame":{"x":892,"y":361,"w":110,"h":125},"rotated":false,"trimmed":true,"spriteSourceSize":{"x":42,"y":46,"w":110,"h":125},"sourceSize":{"w":193,"h":177}},"mask01_05":{"frame":{"x":947,"y":158,"w":118,"h":43},"rotated":true,"trimmed":true,"spriteSourceSize":{"x":39,"y":92,"w":118,"h":43},"sourceSize":{"w":193,"h":177}},"mask01_06":{"frame":{"x":781,"y":312,"w":169,"h":105},"rotated":true,"trimmed":true,"spriteSourceSize":{"x":15,"y":8,"w":169,"h":105},"sourceSize":{"w":193,"h":177}},"mask01_07":{"frame":{"x":781,"y":4,"w":193,"h":148},"rotated":false,"trimmed":true,"spriteSourceSize":{"x":0,"y":0,"w":193,"h":148},"sourceSize":{"w":193,"h":177}},"mask01_08":{"frame":{"x":781,"y":627,"w":139,"h":72},"rotated":false,"trimmed":true,"spriteSourceSize":{"x":28,"y":51,"w":139,"h":72},"sourceSize":{"w":193,"h":177}},"mask01_09":{"frame":{"x":781,"y":487,"w":134,"h":93},"rotated":true,"trimmed":true,"spriteSourceSize":{"x":30,"y":32,"w":134,"h":93},"sourceSize":{"w":193,"h":177}},"mask01_10":{"frame":{"x":980,"y":35,"w":10,"h":10},"rotated":false,"trimmed":true,"spriteSourceSize":{"x":88,"y":145,"w":10,"h":10},"sourceSize":{"w":193,"h":177}},"mask01_11":{"frame":{"x":980,"y":51,"w":10,"h":9},"rotated":false,"trimmed":true,"spriteSourceSize":{"x":87,"y":147,"w":10,"h":9},"sourceSize":{"w":193,"h":177}},"mask01_12":{"frame":{"x":996,"y":51,"w":9,"h":8},"rotated":false,"trimmed":true,"spriteSourceSize":{"x":95,"y":149,"w":9,"h":8},"sourceSize":{"w":193,"h":177}},"mask01_13":{"frame":{"x":996,"y":35,"w":10,"h":10},"rotated":false,"trimmed":true,"spriteSourceSize":{"x":94,"y":152,"w":10,"h":10},"sourceSize":{"w":193,"h":177}},"mask01_14":{"frame":{"x":998,"y":4,"w":11,"h":10},"rotated":false,"trimmed":true,"spriteSourceSize":{"x":101,"y":147,"w":11,"h":10},"sourceSize":{"w":193,"h":177}},"mask01_15":{"frame":{"x":980,"y":20,"w":12,"h":9},"rotated":false,"trimmed":true,"spriteSourceSize":{"x":101,"y":152,"w":12,"h":9},"sourceSize":{"w":193,"h":177}},"mask01_16":{"frame":{"x":998,"y":20,"w":9,"h":12},"rotated":true,"trimmed":true,"spriteSourceSize":{"x":109,"y":143,"w":9,"h":12},"sourceSize":{"w":193,"h":177}},"mask01_17":{"frame":{"x":980,"y":4,"w":10,"h":12},"rotated":true,"trimmed":true,"spriteSourceSize":{"x":110,"y":144,"w":10,"h":12},"sourceSize":{"w":193,"h":177}},"mask01_outline":{"frame":{"x":4,"y":4,"w":771,"h":708},"rotated":false,"trimmed":false,"spriteSourceSize":{"x":0,"y":0,"w":771,"h":708},"sourceSize":{"w":771,"h":708}}},"animations":{"mask01":["mask01_00","mask01_01","mask01_02","mask01_03","mask01_04","mask01_05","mask01_06","mask01_07","mask01_08","mask01_09","mask01_10","mask01_11","mask01_12","mask01_13","mask01_14","mask01_15","mask01_16","mask01_17"]},"meta":{"app":"https://www.codeandweb.com/texturepacker","version":"1.0","image":"mask-01@1x.png","format":"RGBA8888","size":{"w":1015,"h":716},"scale":"0.5","smartupdate":"$TexturePacker:SmartUpdate:fa885eac50614ac06142f8c74a442945:a91a725170d52a7719af901baeebb50b:61ec1358477ac30258f7aa6ab3f16a84$"}}