{"frames":{"mask00_00":{"frame":{"x":370,"y":746,"w":160,"h":173},"rotated":true,"trimmed":true,"spriteSourceSize":{"x":4,"y":2,"w":160,"h":173},"sourceSize":{"w":168,"h":184}},"mask00_01":{"frame":{"x":680,"y":305,"w":92,"h":74},"rotated":false,"trimmed":true,"spriteSourceSize":{"x":36,"y":37,"w":92,"h":74},"sourceSize":{"w":168,"h":184}},"mask00_02":{"frame":{"x":549,"y":746,"w":163,"h":167},"rotated":true,"trimmed":true,"spriteSourceSize":{"x":2,"y":1,"w":163,"h":167},"sourceSize":{"w":168,"h":184}},"mask00_03":{"frame":{"x":680,"y":179,"w":132,"h":120},"rotated":false,"trimmed":true,"spriteSourceSize":{"x":15,"y":24,"w":132,"h":120},"sourceSize":{"w":168,"h":184}},"mask00_04":{"frame":{"x":4,"y":746,"w":166,"h":178},"rotated":true,"trimmed":true,"spriteSourceSize":{"x":2,"y":0,"w":166,"h":178},"sourceSize":{"w":168,"h":184}},"mask00_05":{"frame":{"x":188,"y":746,"w":166,"h":176},"rotated":true,"trimmed":true,"spriteSourceSize":{"x":2,"y":0,"w":166,"h":176},"sourceSize":{"w":168,"h":184}},"mask00_06":{"frame":{"x":680,"y":4,"w":150,"h":169},"rotated":false,"trimmed":true,"spriteSourceSize":{"x":8,"y":1,"w":150,"h":169},"sourceSize":{"w":168,"h":184}},"mask00_07":{"frame":{"x":680,"y":385,"w":16,"h":16},"rotated":false,"trimmed":true,"spriteSourceSize":{"x":58,"y":131,"w":16,"h":16},"sourceSize":{"w":168,"h":184}},"mask00_08":{"frame":{"x":680,"y":407,"w":14,"h":15},"rotated":false,"trimmed":true,"spriteSourceSize":{"x":72,"y":133,"w":14,"h":15},"sourceSize":{"w":168,"h":184}},"mask00_09":{"frame":{"x":818,"y":179,"w":17,"h":12},"rotated":true,"trimmed":true,"spriteSourceSize":{"x":84,"y":136,"w":17,"h":12},"sourceSize":{"w":168,"h":184}},"mask00_10":{"frame":{"x":722,"y":385,"w":13,"h":13},"rotated":false,"trimmed":true,"spriteSourceSize":{"x":97,"y":131,"w":13,"h":13},"sourceSize":{"w":168,"h":184}},"mask00_11":{"frame":{"x":778,"y":305,"w":15,"h":16},"rotated":false,"trimmed":true,"spriteSourceSize":{"x":58,"y":138,"w":15,"h":16},"sourceSize":{"w":168,"h":184}},"mask00_12":{"frame":{"x":778,"y":327,"w":15,"h":9},"rotated":false,"trimmed":true,"spriteSourceSize":{"x":72,"y":146,"w":15,"h":9},"sourceSize":{"w":168,"h":184}},"mask00_13":{"frame":{"x":818,"y":202,"w":14,"h":11},"rotated":true,"trimmed":true,"spriteSourceSize":{"x":84,"y":144,"w":14,"h":11},"sourceSize":{"w":168,"h":184}},"mask00_14":{"frame":{"x":702,"y":385,"w":14,"h":14},"rotated":false,"trimmed":true,"spriteSourceSize":{"x":95,"y":138,"w":14,"h":14},"sourceSize":{"w":168,"h":184}},"mask00_outline":{"frame":{"x":4,"y":4,"w":670,"h":736},"rotated":false,"trimmed":false,"spriteSourceSize":{"x":0,"y":0,"w":670,"h":736},"sourceSize":{"w":670,"h":736}}},"animations":{"mask00":["mask00_00","mask00_01","mask00_02","mask00_03","mask00_04","mask00_05","mask00_06","mask00_07","mask00_08","mask00_09","mask00_10","mask00_11","mask00_12","mask00_13","mask00_14"]},"meta":{"app":"https://www.codeandweb.com/texturepacker","version":"1.0","image":"mask-00@1x.png","format":"RGBA8888","size":{"w":834,"h":916},"scale":"0.5","smartupdate":"$TexturePacker:SmartUpdate:de50cb416dde23c691fe1c0c02739855:7a1826f25450b5cfa858254a89f3a17f:ad829d1c11921b15716b8f17aa7bcf77$"}}