{"frames":{"mask03_00":{"frame":{"x":487,"y":771,"w":76,"h":74},"rotated":false,"trimmed":true,"spriteSourceSize":{"x":34,"y":72,"w":76,"h":74},"sourceSize":{"w":140,"h":191}},"mask03_01":{"frame":{"x":150,"y":918,"w":88,"h":145},"rotated":true,"trimmed":true,"spriteSourceSize":{"x":26,"y":14,"w":88,"h":145},"sourceSize":{"w":140,"h":191}},"mask03_02":{"frame":{"x":301,"y":917,"w":89,"h":108},"rotated":true,"trimmed":true,"spriteSourceSize":{"x":26,"y":52,"w":89,"h":108},"sourceSize":{"w":140,"h":191}},"mask03_03":{"frame":{"x":150,"y":771,"w":132,"h":141},"rotated":false,"trimmed":true,"spriteSourceSize":{"x":3,"y":29,"w":132,"h":141},"sourceSize":{"w":140,"h":191}},"mask03_04":{"frame":{"x":415,"y":917,"w":97,"h":99},"rotated":true,"trimmed":true,"spriteSourceSize":{"x":23,"y":14,"w":97,"h":99},"sourceSize":{"w":140,"h":191}},"mask03_05":{"frame":{"x":418,"y":771,"w":118,"h":63},"rotated":true,"trimmed":true,"spriteSourceSize":{"x":14,"y":33,"w":118,"h":63},"sourceSize":{"w":140,"h":191}},"mask03_06":{"frame":{"x":288,"y":771,"w":124,"h":140},"rotated":false,"trimmed":true,"spriteSourceSize":{"x":8,"y":25,"w":124,"h":140},"sourceSize":{"w":140,"h":191}},"mask03_07":{"frame":{"x":487,"y":851,"w":70,"h":56},"rotated":false,"trimmed":true,"spriteSourceSize":{"x":35,"y":93,"w":70,"h":56},"sourceSize":{"w":140,"h":191}},"mask03_08":{"frame":{"x":4,"y":771,"w":140,"h":188},"rotated":false,"trimmed":true,"spriteSourceSize":{"x":0,"y":0,"w":140,"h":188},"sourceSize":{"w":140,"h":191}},"mask03_outline":{"frame":{"x":4,"y":4,"w":559,"h":761},"rotated":false,"trimmed":false,"spriteSourceSize":{"x":0,"y":0,"w":559,"h":761},"sourceSize":{"w":559,"h":761}}},"animations":{"mask03":["mask03_00","mask03_01","mask03_02","mask03_03","mask03_04","mask03_05","mask03_06","mask03_07","mask03_08"]},"meta":{"app":"https://www.codeandweb.com/texturepacker","version":"1.0","image":"mask-03@1x.png","format":"RGBA8888","size":{"w":567,"h":1018},"scale":"0.5","smartupdate":"$TexturePacker:SmartUpdate:e1fec926d464b867a08f902f01b95c36:53096f3ef810eebd5589e2445fb104b8:dc278fa3b9f973fdc62dd201095ec8c8$"}}