{"frames":{"mask05_00":{"frame":{"x":530,"y":927,"w":90,"h":92},"rotated":false,"trimmed":true,"spriteSourceSize":{"x":48,"y":57,"w":90,"h":92},"sourceSize":{"w":184,"h":187}},"mask05_01":{"frame":{"x":481,"y":758,"w":163,"h":94},"rotated":true,"trimmed":true,"spriteSourceSize":{"x":10,"y":35,"w":163,"h":94},"sourceSize":{"w":184,"h":187}},"mask05_02":{"frame":{"x":198,"y":758,"w":167,"h":94},"rotated":true,"trimmed":true,"spriteSourceSize":{"x":10,"y":90,"w":167,"h":94},"sourceSize":{"w":184,"h":187}},"mask05_03":{"frame":{"x":626,"y":924,"w":71,"h":58},"rotated":true,"trimmed":true,"spriteSourceSize":{"x":57,"y":74,"w":71,"h":58},"sourceSize":{"w":184,"h":187}},"mask05_04":{"frame":{"x":4,"y":758,"w":183,"h":89},"rotated":true,"trimmed":true,"spriteSourceSize":{"x":0,"y":0,"w":183,"h":89},"sourceSize":{"w":184,"h":187}},"mask05_05":{"frame":{"x":397,"y":758,"w":167,"h":78},"rotated":true,"trimmed":true,"spriteSourceSize":{"x":10,"y":100,"w":167,"h":78},"sourceSize":{"w":184,"h":187}},"mask05_06":{"frame":{"x":4,"y":947,"w":162,"h":73},"rotated":false,"trimmed":true,"spriteSourceSize":{"x":7,"y":16,"w":162,"h":73},"sourceSize":{"w":184,"h":187}},"mask05_07":{"frame":{"x":298,"y":758,"w":167,"h":93},"rotated":true,"trimmed":true,"spriteSourceSize":{"x":8,"y":38,"w":167,"h":93},"sourceSize":{"w":184,"h":187}},"mask05_08":{"frame":{"x":581,"y":758,"w":150,"h":60},"rotated":false,"trimmed":true,"spriteSourceSize":{"x":18,"y":18,"w":150,"h":60},"sourceSize":{"w":184,"h":187}},"mask05_09":{"frame":{"x":581,"y":824,"w":143,"h":94},"rotated":false,"trimmed":true,"spriteSourceSize":{"x":21,"y":28,"w":143,"h":94},"sourceSize":{"w":184,"h":187}},"mask05_10":{"frame":{"x":99,"y":758,"w":171,"h":93},"rotated":true,"trimmed":true,"spriteSourceSize":{"x":7,"y":7,"w":171,"h":93},"sourceSize":{"w":184,"h":187}},"mask05_11":{"frame":{"x":366,"y":931,"w":158,"h":80},"rotated":false,"trimmed":true,"spriteSourceSize":{"x":13,"y":14,"w":158,"h":80},"sourceSize":{"w":184,"h":187}},"mask05_12":{"frame":{"x":254,"y":931,"w":106,"h":87},"rotated":false,"trimmed":true,"spriteSourceSize":{"x":41,"y":51,"w":106,"h":87},"sourceSize":{"w":184,"h":187}},"mask05_13":{"frame":{"x":172,"y":935,"w":83,"h":76},"rotated":true,"trimmed":true,"spriteSourceSize":{"x":52,"y":60,"w":83,"h":76},"sourceSize":{"w":184,"h":187}},"mask05_outline":{"frame":{"x":4,"y":4,"w":733,"h":748},"rotated":false,"trimmed":false,"spriteSourceSize":{"x":0,"y":0,"w":733,"h":748},"sourceSize":{"w":734,"h":748}}},"animations":{"mask05":["mask05_00","mask05_01","mask05_02","mask05_03","mask05_04","mask05_05","mask05_06","mask05_07","mask05_08","mask05_09","mask05_10","mask05_11","mask05_12","mask05_13"]},"meta":{"app":"https://www.codeandweb.com/texturepacker","version":"1.0","image":"mask-05@1x.png","format":"RGBA8888","size":{"w":741,"h":1024},"scale":"0.5","smartupdate":"$TexturePacker:SmartUpdate:1e66342ae1c5bc74e39cfc0d07d102f8:118c6335c69a17eea20e9f561868dab9:b684f5df2c5c0e60eff92d4d4723c08c$"}}