{"frames":{"mask04_00":{"frame":{"x":533,"y":745,"w":97,"h":125},"rotated":false,"trimmed":true,"spriteSourceSize":{"x":36,"y":54,"w":97,"h":125},"sourceSize":{"w":158,"h":184}},"mask04_01":{"frame":{"x":4,"y":930,"w":38,"h":65},"rotated":true,"trimmed":true,"spriteSourceSize":{"x":60,"y":62,"w":38,"h":65},"sourceSize":{"w":158,"h":184}},"mask04_02":{"frame":{"x":269,"y":906,"w":125,"h":73},"rotated":false,"trimmed":true,"spriteSourceSize":{"x":16,"y":22,"w":125,"h":73},"sourceSize":{"w":158,"h":184}},"mask04_03":{"frame":{"x":165,"y":909,"w":98,"h":71},"rotated":false,"trimmed":true,"spriteSourceSize":{"x":29,"y":106,"w":98,"h":71},"sourceSize":{"w":158,"h":184}},"mask04_04":{"frame":{"x":75,"y":930,"w":84,"h":29},"rotated":false,"trimmed":true,"spriteSourceSize":{"x":38,"y":7,"w":84,"h":29},"sourceSize":{"w":158,"h":184}},"mask04_05":{"frame":{"x":400,"y":895,"w":127,"h":79},"rotated":false,"trimmed":true,"spriteSourceSize":{"x":15,"y":14,"w":127,"h":79},"sourceSize":{"w":158,"h":184}},"mask04_06":{"frame":{"x":533,"y":876,"w":104,"h":94},"rotated":true,"trimmed":true,"spriteSourceSize":{"x":26,"y":53,"w":104,"h":94},"sourceSize":{"w":158,"h":184}},"mask04_07":{"frame":{"x":433,"y":745,"w":75,"h":106},"rotated":false,"trimmed":true,"spriteSourceSize":{"x":41,"y":72,"w":75,"h":106},"sourceSize":{"w":158,"h":184}},"mask04_08":{"frame":{"x":125,"y":745,"w":158,"h":95},"rotated":true,"trimmed":true,"spriteSourceSize":{"x":0,"y":71,"w":158,"h":95},"sourceSize":{"w":158,"h":184}},"mask04_09":{"frame":{"x":351,"y":745,"w":144,"h":76},"rotated":true,"trimmed":true,"spriteSourceSize":{"x":7,"y":1,"w":144,"h":76},"sourceSize":{"w":158,"h":184}},"mask04_10":{"frame":{"x":4,"y":745,"w":115,"h":179},"rotated":false,"trimmed":true,"spriteSourceSize":{"x":21,"y":0,"w":115,"h":179},"sourceSize":{"w":158,"h":184}},"mask04_11":{"frame":{"x":226,"y":745,"w":119,"h":155},"rotated":false,"trimmed":true,"spriteSourceSize":{"x":15,"y":17,"w":119,"h":155},"sourceSize":{"w":158,"h":184}},"mask04_outline":{"frame":{"x":4,"y":4,"w":629,"h":735},"rotated":false,"trimmed":false,"spriteSourceSize":{"x":0,"y":0,"w":629,"h":735},"sourceSize":{"w":629,"h":735}}},"animations":{"mask04":["mask04_00","mask04_01","mask04_02","mask04_03","mask04_04","mask04_05","mask04_06","mask04_07","mask04_08","mask04_09","mask04_10","mask04_11"]},"meta":{"app":"https://www.codeandweb.com/texturepacker","version":"1.0","image":"mask-04@1x.png","format":"RGBA8888","size":{"w":637,"h":984},"scale":"0.5","smartupdate":"$TexturePacker:SmartUpdate:d5c9b20fc0e78abb2f0dac5484c59be7:f74c4a75676d203f5d16cbc28cfa8d5e:3d9f326ae3ad3889ad02835732e2ac86$"}}