{"frames":{"mask02_00":{"frame":{"x":761,"y":744,"w":112,"h":103},"rotated":false,"trimmed":true,"spriteSourceSize":{"x":59,"y":50,"w":112,"h":103},"sourceSize":{"w":216,"h":157}},"mask02_01":{"frame":{"x":121,"y":808,"w":69,"h":39},"rotated":false,"trimmed":true,"spriteSourceSize":{"x":81,"y":77,"w":69,"h":39},"sourceSize":{"w":216,"h":157}},"mask02_02":{"frame":{"x":670,"y":744,"w":104,"h":85},"rotated":true,"trimmed":true,"spriteSourceSize":{"x":62,"y":65,"w":104,"h":85},"sourceSize":{"w":216,"h":157}},"mask02_03":{"frame":{"x":121,"y":639,"w":163,"h":102},"rotated":true,"trimmed":true,"spriteSourceSize":{"x":31,"y":27,"w":163,"h":102},"sourceSize":{"w":216,"h":157}},"mask02_04":{"frame":{"x":448,"y":639,"w":216,"h":124},"rotated":false,"trimmed":true,"spriteSourceSize":{"x":0,"y":3,"w":216,"h":124},"sourceSize":{"w":216,"h":157}},"mask02_05":{"frame":{"x":229,"y":639,"w":213,"h":148},"rotated":false,"trimmed":true,"spriteSourceSize":{"x":1,"y":2,"w":213,"h":148},"sourceSize":{"w":216,"h":157}},"mask02_06":{"frame":{"x":670,"y":639,"w":214,"h":99},"rotated":false,"trimmed":true,"spriteSourceSize":{"x":0,"y":2,"w":214,"h":99},"sourceSize":{"w":216,"h":157}},"mask02_07":{"frame":{"x":4,"y":639,"w":209,"h":111},"rotated":true,"trimmed":true,"spriteSourceSize":{"x":3,"y":0,"w":209,"h":111},"sourceSize":{"w":216,"h":157}},"mask02_08":{"frame":{"x":871,"y":43,"w":12,"h":13},"rotated":true,"trimmed":true,"spriteSourceSize":{"x":100,"y":123,"w":12,"h":13},"sourceSize":{"w":216,"h":157}},"mask02_09":{"frame":{"x":871,"y":24,"w":13,"h":13},"rotated":false,"trimmed":true,"spriteSourceSize":{"x":107,"y":127,"w":13,"h":13},"sourceSize":{"w":216,"h":157}},"mask02_10":{"frame":{"x":871,"y":4,"w":13,"h":14},"rotated":false,"trimmed":true,"spriteSourceSize":{"x":116,"y":125,"w":13,"h":14},"sourceSize":{"w":216,"h":157}},"mask02_11":{"frame":{"x":871,"y":61,"w":10,"h":13},"rotated":true,"trimmed":true,"spriteSourceSize":{"x":122,"y":119,"w":10,"h":13},"sourceSize":{"w":216,"h":157}},"mask02_outline":{"frame":{"x":4,"y":4,"w":861,"h":629},"rotated":false,"trimmed":false,"spriteSourceSize":{"x":0,"y":0,"w":861,"h":629},"sourceSize":{"w":861,"h":629}}},"animations":{"mask02":["mask02_00","mask02_01","mask02_02","mask02_03","mask02_04","mask02_05","mask02_06","mask02_07","mask02_08","mask02_09","mask02_10","mask02_11"]},"meta":{"app":"https://www.codeandweb.com/texturepacker","version":"1.0","image":"mask-02@1x.png","format":"RGBA8888","size":{"w":888,"h":852},"scale":"0.5","smartupdate":"$TexturePacker:SmartUpdate:bf1cf52223912853e7f55182b378a5ef:f1ecac07d65f1b72f90f21ae30082812:b0951a5de6de0ffcfd8be98c0d5b2a75$"}}