{"file":"doll_00_1x.png","frames":{"doll0_bot_00":{"x":242,"y":817,"w":132,"h":116,"offX":0,"offY":0,"sourceW":132,"sourceH":116},"doll0_bot_01":{"x":234,"y":1106,"w":121,"h":180,"offX":0,"offY":0,"sourceW":121,"sourceH":180},"doll0_bot_02":{"x":222,"y":1411,"w":59,"h":194,"offX":0,"offY":0,"sourceW":59,"sourceH":194},"doll0_bot_03":{"x":326,"y":1292,"w":28,"h":26,"offX":0,"offY":0,"sourceW":28,"sourceH":26},"doll0_bot_04":{"x":222,"y":1368,"w":82,"h":37,"offX":0,"offY":0,"sourceW":82,"sourceH":37},"doll0_bot_05":{"x":491,"y":583,"w":3,"h":3,"offX":0,"offY":0,"sourceW":3,"sourceH":3},"doll0_bot_06":{"x":398,"y":660,"w":84,"h":74,"offX":0,"offY":0,"sourceW":84,"sourceH":74},"doll0_bot_07":{"x":380,"y":903,"w":100,"h":188,"offX":0,"offY":0,"sourceW":100,"sourceH":188},"doll0_bot_08":{"x":491,"y":583,"w":3,"h":3,"offX":0,"offY":0,"sourceW":3,"sourceH":3},"doll0_bot_09":{"x":239,"y":939,"w":124,"h":82,"offX":0,"offY":0,"sourceW":124,"sourceH":82},"doll0_bot_10":{"x":491,"y":583,"w":3,"h":3,"offX":0,"offY":0,"sourceW":3,"sourceH":3},"doll0_bot_11":{"x":491,"y":583,"w":3,"h":3,"offX":0,"offY":0,"sourceW":3,"sourceH":3},"doll0_bot_inside":{"x":4,"y":677,"w":387,"h":62,"offX":0,"offY":0,"sourceW":387,"sourceH":62},"doll0_bot_outline":{"x":4,"y":398,"w":388,"h":273,"offX":0,"offY":0,"sourceW":388,"sourceH":273},"doll0_bot_small0":{"x":222,"y":1292,"w":98,"h":70,"offX":0,"offY":0,"sourceW":98,"sourceH":70},"doll0_bot_small1":{"x":398,"y":515,"w":88,"h":62,"offX":0,"offY":0,"sourceW":88,"sourceH":62},"doll0_bot_small2":{"x":400,"y":1483,"w":77,"h":55,"offX":0,"offY":0,"sourceW":77,"sourceH":55},"doll0_bot_small3":{"x":400,"y":1544,"w":64,"h":46,"offX":0,"offY":0,"sourceW":64,"sourceH":46},"doll0_top_00":{"x":361,"y":1201,"w":121,"h":99,"offX":0,"offY":0,"sourceW":121,"sourceH":99},"doll0_top_01":{"x":4,"y":905,"w":229,"h":178,"offX":0,"offY":0,"sourceW":229,"sourceH":178},"doll0_top_02":{"x":4,"y":1089,"w":224,"h":193,"offX":0,"offY":0,"sourceW":224,"sourceH":193},"doll0_top_03":{"x":4,"y":1288,"w":212,"h":162,"offX":0,"offY":0,"sourceW":212,"sourceH":162},"doll0_top_04":{"x":357,"y":1483,"w":37,"h":80,"offX":0,"offY":0,"sourceW":37,"sourceH":80},"doll0_top_05":{"x":239,"y":1027,"w":124,"h":73,"offX":0,"offY":0,"sourceW":124,"sourceH":73},"doll0_top_06":{"x":326,"y":1324,"w":166,"h":153,"offX":0,"offY":0,"sourceW":166,"sourceH":153},"doll0_top_07":{"x":4,"y":745,"w":232,"h":154,"offX":0,"offY":0,"sourceW":232,"sourceH":154},"doll0_top_08":{"x":4,"y":1456,"w":170,"h":150,"offX":0,"offY":0,"sourceW":170,"sourceH":150},"doll0_top_09":{"x":380,"y":823,"w":112,"h":74,"offX":0,"offY":0,"sourceW":112,"sourceH":74},"doll0_top_10":{"x":242,"y":745,"w":149,"h":66,"offX":0,"offY":0,"sourceW":149,"sourceH":66},"doll0_top_11":{"x":398,"y":583,"w":87,"h":71,"offX":0,"offY":0,"sourceW":87,"sourceH":71},"doll0_top_outline":{"x":4,"y":4,"w":484,"h":388,"offX":0,"offY":0,"sourceW":484,"sourceH":388},"doll0_top_small0":{"x":369,"y":1097,"w":123,"h":98,"offX":0,"offY":0,"sourceW":123,"sourceH":98},"doll0_top_small1":{"x":398,"y":398,"w":88,"h":111,"offX":0,"offY":0,"sourceW":88,"sourceH":111},"doll0_top_small2":{"x":397,"y":740,"w":97,"h":77,"offX":0,"offY":0,"sourceW":97,"sourceH":77},"doll0_top_small3":{"x":287,"y":1483,"w":64,"h":81,"offX":0,"offY":0,"sourceW":64,"sourceH":81}}}