{"file":"doll_01_1x.png","frames":{"doll1_bot_00":{"x":977,"y":258,"w":3,"h":3,"offX":0,"offY":0,"sourceW":3,"sourceH":3},"doll1_bot_01":{"x":802,"y":258,"w":32,"h":35,"offX":0,"offY":0,"sourceW":32,"sourceH":35},"doll1_bot_02":{"x":1412,"y":374,"w":81,"h":67,"offX":0,"offY":0,"sourceW":81,"sourceH":67},"doll1_bot_03":{"x":977,"y":271,"w":140,"h":110,"offX":0,"offY":0,"sourceW":140,"sourceH":110},"doll1_bot_04":{"x":977,"y":387,"w":124,"h":104,"offX":0,"offY":0,"sourceW":124,"sourceH":104},"doll1_bot_05":{"x":1397,"y":4,"w":135,"h":197,"offX":0,"offY":0,"sourceW":135,"sourceH":197},"doll1_bot_06":{"x":1123,"y":271,"w":81,"h":129,"offX":0,"offY":0,"sourceW":81,"sourceH":129},"doll1_bot_07":{"x":1313,"y":263,"w":64,"h":124,"offX":0,"offY":0,"sourceW":64,"sourceH":124},"doll1_bot_08":{"x":1354,"y":207,"w":141,"h":38,"offX":0,"offY":0,"sourceW":141,"sourceH":38},"doll1_bot_09":{"x":649,"y":340,"w":195,"h":128,"offX":0,"offY":0,"sourceW":195,"sourceH":128},"doll1_bot_inside":{"x":403,"y":280,"w":393,"h":54,"offX":0,"offY":0,"sourceW":393,"sourceH":54},"doll1_bot_outline":{"x":403,"y":4,"w":393,"h":270,"offX":0,"offY":0,"sourceW":393,"sourceH":270},"doll1_bot_small0":{"x":1465,"y":300,"w":97,"h":68,"offX":0,"offY":0,"sourceW":97,"sourceH":68},"doll1_bot_small1":{"x":1501,"y":207,"w":61,"h":87,"offX":0,"offY":0,"sourceW":61,"sourceH":87},"doll1_bot_small2":{"x":1412,"y":447,"w":76,"h":53,"offX":0,"offY":0,"sourceW":76,"sourceH":53},"doll1_bot_small3":{"x":1494,"y":461,"w":63,"h":44,"offX":0,"offY":0,"sourceW":63,"sourceH":44},"doll1_top_00":{"x":1107,"y":406,"w":122,"h":88,"offX":0,"offY":0,"sourceW":122,"sourceH":88},"doll1_top_01":{"x":649,"y":474,"w":88,"h":27,"offX":0,"offY":0,"sourceW":88,"sourceH":27},"doll1_top_02":{"x":850,"y":258,"w":121,"h":229,"offX":0,"offY":0,"sourceW":121,"sourceH":229},"doll1_top_03":{"x":1235,"y":393,"w":78,"h":113,"offX":0,"offY":0,"sourceW":78,"sourceH":113},"doll1_top_04":{"x":1200,"y":179,"w":148,"h":78,"offX":0,"offY":0,"sourceW":148,"sourceH":78},"doll1_top_05":{"x":1003,"y":212,"w":185,"h":53,"offX":0,"offY":0,"sourceW":185,"sourceH":53},"doll1_top_06":{"x":1200,"y":4,"w":191,"h":169,"offX":0,"offY":0,"sourceW":191,"sourceH":169},"doll1_top_07":{"x":1003,"y":4,"w":191,"h":202,"offX":0,"offY":0,"sourceW":191,"sourceH":202},"doll1_top_08":{"x":403,"y":340,"w":240,"h":153,"offX":0,"offY":0,"sourceW":240,"sourceH":153},"doll1_top_09":{"x":802,"y":4,"w":195,"h":248,"offX":0,"offY":0,"sourceW":195,"sourceH":248},"doll1_top_outline":{"x":4,"y":4,"w":393,"h":497,"offX":0,"offY":0,"sourceW":393,"sourceH":497},"doll1_top_small0":{"x":1210,"y":263,"w":97,"h":124,"offX":0,"offY":0,"sourceW":97,"sourceH":124},"doll1_top_small1":{"x":1319,"y":393,"w":87,"h":112,"offX":0,"offY":0,"sourceW":87,"sourceH":112},"doll1_top_small2":{"x":1383,"y":251,"w":76,"h":97,"offX":0,"offY":0,"sourceW":76,"sourceH":97},"doll1_top_small3":{"x":1499,"y":374,"w":63,"h":81,"offX":0,"offY":0,"sourceW":63,"sourceH":81}}}