{"file":"dress_01_1x.png","frames":{"dress1_00":{"x":580,"y":804,"w":69,"h":32,"offX":0,"offY":0,"sourceW":69,"sourceH":32},"dress1_01":{"x":287,"y":770,"w":159,"h":106,"offX":0,"offY":0,"sourceW":159,"sourceH":106},"dress1_02":{"x":703,"y":284,"w":241,"h":271,"offX":0,"offY":0,"sourceW":241,"sourceH":271},"dress1_03":{"x":4,"y":770,"w":277,"h":239,"offX":0,"offY":0,"sourceW":277,"sourceH":239},"dress1_04":{"x":703,"y":4,"w":273,"h":274,"offX":0,"offY":0,"sourceW":273,"sourceH":274},"dress1_05":{"x":452,"y":770,"w":122,"h":36,"offX":0,"offY":0,"sourceW":122,"sourceH":36},"dress1_06":{"x":704,"y":561,"w":242,"h":263,"offX":0,"offY":0,"sourceW":242,"sourceH":263},"dress1_07":{"x":580,"y":770,"w":118,"h":28,"offX":0,"offY":0,"sourceW":118,"sourceH":28},"dress1_outline":{"x":4,"y":4,"w":693,"h":760,"offX":0,"offY":0,"sourceW":693,"sourceH":760}}}