{"file":"dress_00_1x.png","frames":{"dress0_00":{"x":762,"y":4,"w":301,"h":356,"offX":0,"offY":0,"sourceW":301,"sourceH":356},"dress0_01":{"x":1287,"y":325,"w":282,"h":305,"offX":0,"offY":0,"sourceW":282,"sourceH":305},"dress0_02":{"x":967,"y":366,"w":156,"h":196,"offX":0,"offY":0,"sourceW":156,"sourceH":196},"dress0_03":{"x":1366,"y":4,"w":127,"h":303,"offX":0,"offY":0,"sourceW":127,"sourceH":303},"dress0_04":{"x":762,"y":366,"w":199,"h":238,"offX":0,"offY":0,"sourceW":199,"sourceH":238},"dress0_05":{"x":967,"y":568,"w":314,"h":62,"offX":0,"offY":0,"sourceW":314,"sourceH":62},"dress0_06":{"x":1069,"y":4,"w":291,"h":315,"offX":0,"offY":0,"sourceW":291,"sourceH":315},"dress0_07":{"x":1499,"y":4,"w":67,"h":296,"offX":0,"offY":0,"sourceW":67,"sourceH":296},"dress0_outline":{"x":4,"y":4,"w":752,"h":627,"offX":0,"offY":0,"sourceW":752,"sourceH":627}}}