{"file":"hieroglyph_03_1x.png","frames":{"layer02_00_00_outline":{"x":4,"y":424,"w":510,"h":252,"offX":0,"offY":0,"sourceW":510,"sourceH":252},"layer02_00_00":{"x":4,"y":682,"w":508,"h":219,"offX":0,"offY":0,"sourceW":508,"sourceH":219},"layer02_01_00_outline":{"x":304,"y":907,"w":213,"h":175,"offX":0,"offY":0,"sourceW":213,"sourceH":175},"layer02_01_00":{"x":518,"y":764,"w":196,"h":125,"offX":0,"offY":0,"sourceW":196,"sourceH":125},"layer02_01_01_outline":{"x":523,"y":895,"w":228,"h":191,"offX":0,"offY":0,"sourceW":228,"sourceH":191},"layer02_01_01":{"x":757,"y":764,"w":159,"h":148,"offX":0,"offY":0,"sourceW":159,"sourceH":148},"layer02_02_00_outline":{"x":520,"y":607,"w":259,"h":151,"offX":0,"offY":0,"sourceW":259,"sourceH":151},"layer02_02_00":{"x":821,"y":461,"w":101,"h":226,"offX":0,"offY":0,"sourceW":101,"sourceH":226},"layer02_02_01_outline":{"x":583,"y":4,"w":338,"h":166,"offX":0,"offY":0,"sourceW":338,"sourceH":166},"layer02_02_01":{"x":918,"y":176,"w":3,"h":3,"offX":0,"offY":0,"sourceW":3,"sourceH":3},"layer02_03_00_outline":{"x":4,"y":4,"w":573,"h":210,"offX":0,"offY":0,"sourceW":573,"sourceH":210},"layer02_03_00":{"x":4,"y":220,"w":568,"h":198,"offX":0,"offY":0,"sourceW":568,"sourceH":198},"layer02_04_00_outline":{"x":583,"y":176,"w":329,"h":279,"offX":0,"offY":0,"sourceW":329,"sourceH":279},"layer02_04_00":{"x":520,"y":461,"w":295,"h":140,"offX":0,"offY":0,"sourceW":295,"sourceH":140},"layer02_04_01_outline":{"x":4,"y":907,"w":177,"h":181,"offX":0,"offY":0,"sourceW":177,"sourceH":181},"layer02_04_01":{"x":757,"y":918,"w":152,"h":174,"offX":0,"offY":0,"sourceW":152,"sourceH":174},"night_overlay":{"x":187,"y":907,"w":111,"h":176,"offX":0,"offY":0,"sourceW":111,"sourceH":176}}}