{"file":"hieroglyph_02_1x.png","frames":{"bg":{"x":4,"y":4,"w":701,"h":487,"offX":0,"offY":0,"sourceW":701,"sourceH":487},"layer01_00_00":{"x":358,"y":645,"w":300,"h":109,"offX":0,"offY":0,"sourceW":300,"sourceH":109},"layer01_00_01":{"x":4,"y":750,"w":328,"h":150,"offX":0,"offY":0,"sourceW":328,"sourceH":150},"layer01_00_02":{"x":931,"y":324,"w":86,"h":324,"offX":0,"offY":0,"sourceW":86,"sourceH":324},"layer01_01_00":{"x":711,"y":4,"w":200,"h":344,"offX":0,"offY":0,"sourceW":200,"sourceH":344},"layer01_02_00":{"x":917,"y":4,"w":100,"h":314,"offX":0,"offY":0,"sourceW":100,"sourceH":314},"layer01_02_01":{"x":358,"y":497,"w":307,"h":142,"offX":0,"offY":0,"sourceW":307,"sourceH":142},"layer01_03_00":{"x":524,"y":760,"w":189,"h":214,"offX":0,"offY":0,"sourceW":189,"sourceH":214},"layer01_03_01":{"x":711,"y":354,"w":214,"h":195,"offX":0,"offY":0,"sourceW":214,"sourceH":195},"layer01_04_00":{"x":719,"y":731,"w":187,"h":180,"offX":0,"offY":0,"sourceW":187,"sourceH":180},"layer01_04_01":{"x":671,"y":555,"w":247,"h":170,"offX":0,"offY":0,"sourceW":247,"sourceH":170},"layer01_04_02":{"x":338,"y":760,"w":180,"h":221,"offX":0,"offY":0,"sourceW":180,"sourceH":221},"texture_overlay":{"x":4,"y":497,"w":348,"h":247,"offX":0,"offY":0,"sourceW":348,"sourceH":247}}}