{"file":"mask_02_1x.png","frames":{"mask02_00":{"x":761,"y":744,"w":112,"h":103,"offX":0,"offY":0,"sourceW":112,"sourceH":103},"mask02_01":{"x":121,"y":808,"w":69,"h":39,"offX":0,"offY":0,"sourceW":69,"sourceH":39},"mask02_02":{"x":670,"y":744,"w":85,"h":104,"offX":0,"offY":0,"sourceW":85,"sourceH":104},"mask02_03":{"x":121,"y":639,"w":102,"h":163,"offX":0,"offY":0,"sourceW":102,"sourceH":163},"mask02_04":{"x":448,"y":639,"w":216,"h":124,"offX":0,"offY":0,"sourceW":216,"sourceH":124},"mask02_05":{"x":229,"y":639,"w":213,"h":148,"offX":0,"offY":0,"sourceW":213,"sourceH":148},"mask02_06":{"x":670,"y":639,"w":214,"h":99,"offX":0,"offY":0,"sourceW":214,"sourceH":99},"mask02_07":{"x":4,"y":639,"w":111,"h":209,"offX":0,"offY":0,"sourceW":111,"sourceH":209},"mask02_08":{"x":871,"y":43,"w":13,"h":12,"offX":0,"offY":0,"sourceW":13,"sourceH":12},"mask02_09":{"x":871,"y":24,"w":13,"h":13,"offX":0,"offY":0,"sourceW":13,"sourceH":13},"mask02_10":{"x":871,"y":4,"w":13,"h":14,"offX":0,"offY":0,"sourceW":13,"sourceH":14},"mask02_11":{"x":871,"y":61,"w":13,"h":10,"offX":0,"offY":0,"sourceW":13,"sourceH":10},"mask02_outline":{"x":4,"y":4,"w":861,"h":629,"offX":0,"offY":0,"sourceW":861,"sourceH":629}}}