{"file":"mask_01_1x.png","frames":{"mask01_00":{"x":880,"y":492,"w":131,"h":129,"offX":0,"offY":0,"sourceW":131,"sourceH":129},"mask01_01":{"x":947,"y":282,"w":59,"h":73,"offX":0,"offY":0,"sourceW":59,"sourceH":73},"mask01_02":{"x":926,"y":627,"w":81,"h":52,"offX":0,"offY":0,"sourceW":81,"sourceH":52},"mask01_03":{"x":781,"y":158,"w":160,"h":148,"offX":0,"offY":0,"sourceW":160,"sourceH":148},"mask01_04":{"x":892,"y":361,"w":110,"h":125,"offX":0,"offY":0,"sourceW":110,"sourceH":125},"mask01_05":{"x":947,"y":158,"w":43,"h":118,"offX":0,"offY":0,"sourceW":43,"sourceH":118},"mask01_06":{"x":781,"y":312,"w":105,"h":169,"offX":0,"offY":0,"sourceW":105,"sourceH":169},"mask01_07":{"x":781,"y":4,"w":193,"h":148,"offX":0,"offY":0,"sourceW":193,"sourceH":148},"mask01_08":{"x":781,"y":627,"w":139,"h":72,"offX":0,"offY":0,"sourceW":139,"sourceH":72},"mask01_09":{"x":781,"y":487,"w":93,"h":134,"offX":0,"offY":0,"sourceW":93,"sourceH":134},"mask01_10":{"x":980,"y":35,"w":10,"h":10,"offX":0,"offY":0,"sourceW":10,"sourceH":10},"mask01_11":{"x":980,"y":51,"w":10,"h":9,"offX":0,"offY":0,"sourceW":10,"sourceH":9},"mask01_12":{"x":996,"y":51,"w":9,"h":8,"offX":0,"offY":0,"sourceW":9,"sourceH":8},"mask01_13":{"x":996,"y":35,"w":10,"h":10,"offX":0,"offY":0,"sourceW":10,"sourceH":10},"mask01_14":{"x":998,"y":4,"w":11,"h":10,"offX":0,"offY":0,"sourceW":11,"sourceH":10},"mask01_15":{"x":980,"y":20,"w":12,"h":9,"offX":0,"offY":0,"sourceW":12,"sourceH":9},"mask01_16":{"x":998,"y":20,"w":12,"h":9,"offX":0,"offY":0,"sourceW":12,"sourceH":9},"mask01_17":{"x":980,"y":4,"w":12,"h":10,"offX":0,"offY":0,"sourceW":12,"sourceH":10},"mask01_outline":{"x":4,"y":4,"w":771,"h":708,"offX":0,"offY":0,"sourceW":771,"sourceH":708}}}