{"file":"mask_04_1x.png","frames":{"mask04_00":{"x":533,"y":745,"w":97,"h":125,"offX":0,"offY":0,"sourceW":97,"sourceH":125},"mask04_01":{"x":4,"y":930,"w":65,"h":38,"offX":0,"offY":0,"sourceW":65,"sourceH":38},"mask04_02":{"x":269,"y":906,"w":125,"h":73,"offX":0,"offY":0,"sourceW":125,"sourceH":73},"mask04_03":{"x":165,"y":909,"w":98,"h":71,"offX":0,"offY":0,"sourceW":98,"sourceH":71},"mask04_04":{"x":75,"y":930,"w":84,"h":29,"offX":0,"offY":0,"sourceW":84,"sourceH":29},"mask04_05":{"x":400,"y":895,"w":127,"h":79,"offX":0,"offY":0,"sourceW":127,"sourceH":79},"mask04_06":{"x":533,"y":876,"w":94,"h":104,"offX":0,"offY":0,"sourceW":94,"sourceH":104},"mask04_07":{"x":433,"y":745,"w":75,"h":106,"offX":0,"offY":0,"sourceW":75,"sourceH":106},"mask04_08":{"x":125,"y":745,"w":95,"h":158,"offX":0,"offY":0,"sourceW":95,"sourceH":158},"mask04_09":{"x":351,"y":745,"w":76,"h":144,"offX":0,"offY":0,"sourceW":76,"sourceH":144},"mask04_10":{"x":4,"y":745,"w":115,"h":179,"offX":0,"offY":0,"sourceW":115,"sourceH":179},"mask04_11":{"x":226,"y":745,"w":119,"h":155,"offX":0,"offY":0,"sourceW":119,"sourceH":155},"mask04_outline":{"x":4,"y":4,"w":629,"h":735,"offX":0,"offY":0,"sourceW":629,"sourceH":735}}}