{"file":"mask_03_1x.png","frames":{"mask03_00":{"x":487,"y":771,"w":76,"h":74,"offX":0,"offY":0,"sourceW":76,"sourceH":74},"mask03_01":{"x":150,"y":918,"w":145,"h":88,"offX":0,"offY":0,"sourceW":145,"sourceH":88},"mask03_02":{"x":301,"y":917,"w":108,"h":89,"offX":0,"offY":0,"sourceW":108,"sourceH":89},"mask03_03":{"x":150,"y":771,"w":132,"h":141,"offX":0,"offY":0,"sourceW":132,"sourceH":141},"mask03_04":{"x":415,"y":917,"w":99,"h":97,"offX":0,"offY":0,"sourceW":99,"sourceH":97},"mask03_05":{"x":418,"y":771,"w":63,"h":118,"offX":0,"offY":0,"sourceW":63,"sourceH":118},"mask03_06":{"x":288,"y":771,"w":124,"h":140,"offX":0,"offY":0,"sourceW":124,"sourceH":140},"mask03_07":{"x":487,"y":851,"w":70,"h":56,"offX":0,"offY":0,"sourceW":70,"sourceH":56},"mask03_08":{"x":4,"y":771,"w":140,"h":188,"offX":0,"offY":0,"sourceW":140,"sourceH":188},"mask03_outline":{"x":4,"y":4,"w":559,"h":761,"offX":0,"offY":0,"sourceW":559,"sourceH":761}}}