{"file":"mask_05_1x.png","frames":{"mask05_00":{"x":530,"y":927,"w":90,"h":92,"offX":0,"offY":0,"sourceW":90,"sourceH":92},"mask05_01":{"x":481,"y":758,"w":94,"h":163,"offX":0,"offY":0,"sourceW":94,"sourceH":163},"mask05_02":{"x":198,"y":758,"w":94,"h":167,"offX":0,"offY":0,"sourceW":94,"sourceH":167},"mask05_03":{"x":626,"y":924,"w":58,"h":71,"offX":0,"offY":0,"sourceW":58,"sourceH":71},"mask05_04":{"x":4,"y":758,"w":89,"h":183,"offX":0,"offY":0,"sourceW":89,"sourceH":183},"mask05_05":{"x":397,"y":758,"w":78,"h":167,"offX":0,"offY":0,"sourceW":78,"sourceH":167},"mask05_06":{"x":4,"y":947,"w":162,"h":73,"offX":0,"offY":0,"sourceW":162,"sourceH":73},"mask05_07":{"x":298,"y":758,"w":93,"h":167,"offX":0,"offY":0,"sourceW":93,"sourceH":167},"mask05_08":{"x":581,"y":758,"w":150,"h":60,"offX":0,"offY":0,"sourceW":150,"sourceH":60},"mask05_09":{"x":581,"y":824,"w":143,"h":94,"offX":0,"offY":0,"sourceW":143,"sourceH":94},"mask05_10":{"x":99,"y":758,"w":93,"h":171,"offX":0,"offY":0,"sourceW":93,"sourceH":171},"mask05_11":{"x":366,"y":931,"w":158,"h":80,"offX":0,"offY":0,"sourceW":158,"sourceH":80},"mask05_12":{"x":254,"y":931,"w":106,"h":87,"offX":0,"offY":0,"sourceW":106,"sourceH":87},"mask05_13":{"x":172,"y":935,"w":76,"h":83,"offX":0,"offY":0,"sourceW":76,"sourceH":83},"mask05_outline":{"x":4,"y":4,"w":733,"h":748,"offX":0,"offY":0,"sourceW":733,"sourceH":748}}}