{"file":"mask_00_1x.png","frames":{"mask00_00":{"x":370,"y":746,"w":173,"h":160,"offX":0,"offY":0,"sourceW":173,"sourceH":160},"mask00_01":{"x":680,"y":305,"w":92,"h":74,"offX":0,"offY":0,"sourceW":92,"sourceH":74},"mask00_02":{"x":549,"y":746,"w":167,"h":163,"offX":0,"offY":0,"sourceW":167,"sourceH":163},"mask00_03":{"x":680,"y":179,"w":132,"h":120,"offX":0,"offY":0,"sourceW":132,"sourceH":120},"mask00_04":{"x":4,"y":746,"w":178,"h":166,"offX":0,"offY":0,"sourceW":178,"sourceH":166},"mask00_05":{"x":188,"y":746,"w":176,"h":166,"offX":0,"offY":0,"sourceW":176,"sourceH":166},"mask00_06":{"x":680,"y":4,"w":150,"h":169,"offX":0,"offY":0,"sourceW":150,"sourceH":169},"mask00_07":{"x":680,"y":385,"w":16,"h":16,"offX":0,"offY":0,"sourceW":16,"sourceH":16},"mask00_08":{"x":680,"y":407,"w":14,"h":15,"offX":0,"offY":0,"sourceW":14,"sourceH":15},"mask00_09":{"x":818,"y":179,"w":12,"h":17,"offX":0,"offY":0,"sourceW":12,"sourceH":17},"mask00_10":{"x":722,"y":385,"w":13,"h":13,"offX":0,"offY":0,"sourceW":13,"sourceH":13},"mask00_11":{"x":778,"y":305,"w":15,"h":16,"offX":0,"offY":0,"sourceW":15,"sourceH":16},"mask00_12":{"x":778,"y":327,"w":15,"h":9,"offX":0,"offY":0,"sourceW":15,"sourceH":9},"mask00_13":{"x":818,"y":202,"w":11,"h":14,"offX":0,"offY":0,"sourceW":11,"sourceH":14},"mask00_14":{"x":702,"y":385,"w":14,"h":14,"offX":0,"offY":0,"sourceW":14,"sourceH":14},"mask00_outline":{"x":4,"y":4,"w":670,"h":736,"offX":0,"offY":0,"sourceW":670,"sourceH":736}}}