{"file":"menu_1x.png","frames":{"menu_andy":{"x":384,"y":4,"w":320,"h":266,"offX":0,"offY":0,"sourceW":320,"sourceH":266},"menu_button_dolls_bw":{"x":384,"y":276,"w":310,"h":166,"offX":0,"offY":0,"sourceW":310,"sourceH":166},"menu_button_dress_bw":{"x":4,"y":387,"w":294,"h":112,"offX":0,"offY":0,"sourceW":294,"sourceH":112},"menu_button_hieroglyph_bw":{"x":710,"y":4,"w":286,"h":203,"offX":0,"offY":0,"sourceW":286,"sourceH":203},"menu_button_hieroglyph":{"x":700,"y":276,"w":309,"h":210,"offX":0,"offY":0,"sourceW":309,"sourceH":210},"menu_button_quilt_bw":{"x":4,"y":4,"w":374,"h":377,"offX":0,"offY":0,"sourceW":374,"sourceH":377},"menu_mask_nail":{"x":304,"y":387,"w":26,"h":50,"offX":0,"offY":0,"sourceW":26,"sourceH":50},"menu_mask_string":{"x":710,"y":213,"w":122,"h":37,"offX":0,"offY":0,"sourceW":122,"sourceH":37}}}